,predictions,prediction_probabilities
0,0,0.186199995
1,0,0.271130172
2,0,0.232090185
3,0,0.100338078
4,1,0.583102063
5,0,0.218012182
6,0,0.177022761
7,0,0.26490989
8,0,0.231290646
9,0,0.18709209
10,0,0.270878313
11,0,0.234148514
12,1,0.914782915
13,1,0.821368889
14,0,0.110305883
15,0,0.262954905
16,0,0.272038233
17,0,0.389855699
18,0,0.451805851
19,1,0.584919133
20,0,0.297184201
21,1,0.90006017
22,0,0.163566824
23,0,0.234201005
24,0,0.113012825
25,0,0.209698416
26,0,0.125572184
27,0,0.185423899
28,0,0.299255047
29,0,0.27124035
30,0,0.304665587
31,0,0.31323538
32,0,0.171205798
33,0,0.407161667
34,0,0.30810296
35,0,0.1712109
36,0,0.064736647
37,0,0.234277987
38,0,0.433081572
39,0,0.161442961
40,0,0.282078259
41,0,0.339560287
42,0,0.131105312
43,0,0.191010475
44,0,0.117381132
45,0,0.314128171
46,0,0.291377263
47,1,0.922620951
48,0,0.164026967
49,0,0.195740103
50,0,0.151936147
51,0,0.210451392
52,0,0.178985055
53,0,0.120407731
54,0,0.209060502
55,0,0.314156909
56,0,0.313949288
57,0,0.484070584
58,0,0.202155443
59,0,0.159345835
60,0,0.16059696
61,0,0.125960563
62,0,0.276266832
63,0,0.165810503
64,0,0.27335012
65,0,0.202762993
66,0,0.227610123
67,0,0.247414083
68,0,0.205705886
69,0,0.412868352
70,0,0.106941083
71,0,0.252746564
72,0,0.233932316
73,0,0.285290028
74,0,0.217203382
75,1,0.559632001
76,0,0.123770268
77,0,0.13800843
78,0,0.141218904
79,0,0.154026273
80,0,0.108799474
81,1,0.533324636
82,0,0.291724658
83,0,0.123458803
84,0,0.186702654
85,0,0.313320085
86,0,0.125925005
87,0,0.284334468
88,0,0.437646269
89,0,0.075496843
90,0,0.160028621
91,0,0.315210263
92,0,0.115571505
93,0,0.364918333
94,0,0.206570154
95,0,0.183739509
96,0,0.182402676
97,0,0.409797761
98,0,0.410367621
99,1,0.511971842
100,0,0.12157194
101,0,0.484554484
102,1,0.576486877
103,0,0.485394832
104,1,0.536186679
105,0,0.180794208
106,0,0.278349721
107,0,0.181808047
108,0,0.432630711
109,0,0.182474283
110,0,0.24360768
111,0,0.463562512
112,1,0.631775709
113,0,0.214564811
114,0,0.149280519
115,0,0.313909987
116,0,0.312159555
117,0,0.173806598
118,0,0.293146659
119,0,0.377111492
120,0,0.134843569
121,0,0.219704285
122,0,0.283503551
123,0,0.100570337
124,0,0.202051399
125,0,0.238779991
126,0,0.288156232
127,1,0.69808047
128,0,0.159219761
129,0,0.110959261
130,0,0.120537143
131,0,0.331420195
132,0,0.287257041
133,0,0.217238726
134,0,0.141998714
135,0,0.460304651
136,0,0.222970643
137,0,0.213417664
138,1,0.846504075
139,0,0.249660783
140,0,0.348425325
141,0,0.163459846
142,0,0.343043755
143,0,0.328012114
144,0,0.169276424
145,1,0.809936041
146,0,0.209396507
147,0,0.125054589
148,0,0.144994875
149,0,0.310961774
150,0,0.27400809
151,0,0.3110989
152,0,0.280485676
153,0,0.335260538
154,0,0.370795083
155,0,0.192379601
156,1,0.629033471
157,0,0.210195913
158,0,0.292570008
159,0,0.326459791
160,1,0.554199523
161,0,0.233798197
162,0,0.262908886
163,0,0.184030609
164,0,0.164110323
165,0,0.369401646
166,0,0.262944813
167,0,0.185933402
168,0,0.215774148
169,0,0.381566823
170,0,0.322595612
171,0,0.3113289
172,0,0.393987253
173,1,0.846045287
174,0,0.176510065
175,0,0.167116209
176,0,0.493155343
177,0,0.488917578
178,0,0.12545487
179,0,0.295359327
180,0,0.172977344
181,0,0.113258053
182,0,0.433272057
183,0,0.411863766
184,1,0.776031752
185,0,0.217092819
186,0,0.3060051
187,0,0.160026576
188,0,0.157727563
189,0,0.321635171
190,1,0.82933531
191,0,0.22011556
192,0,0.301282334
193,0,0.309358703
194,0,0.383861185
195,0,0.251295088
196,0,0.372068766
197,0,0.203503941
198,0,0.068329644
199,0,0.36698367
200,0,0.422942799
201,0,0.29582244
202,0,0.315074037
203,0,0.157844384
204,0,0.109674379
205,0,0.313949742
206,1,0.744497295
207,0,0.232739137
208,0,0.278630821
209,0,0.312821463
210,0,0.457597287
211,0,0.139663867
212,0,0.123374598
213,0,0.351000814
214,0,0.355560247
215,0,0.190383473
216,0,0.059042957
217,0,0.258447729
218,0,0.126082642
219,0,0.152235655
220,0,0.242520165
221,0,0.14310513
222,0,0.179884037
223,0,0.324384917
224,0,0.199973868
225,1,0.680486466
226,0,0.133194941
227,0,0.368974306
228,0,0.396434266
229,0,0.32589707
230,0,0.447662196
231,0,0.069078217
232,0,0.123851317
233,0,0.252305915
234,0,0.116819364
235,0,0.209486568
236,0,0.267959327
237,0,0.073494552
238,0,0.172032357
239,0,0.487849084
240,0,0.102260572
241,0,0.302729672
242,0,0.213594906
243,0,0.119422267
244,0,0.258728193
245,0,0.408168743
246,0,0.258678489
247,0,0.121404557
248,0,0.324073168
249,1,0.604497673
250,0,0.348199486
251,0,0.340226748
252,0,0.163956968
253,0,0.41341776
254,0,0.396564759
255,0,0.306505318
256,0,0.301277791
257,0,0.148947508
258,0,0.160001177
259,0,0.302878662
260,0,0.125149652
261,0,0.186963203
262,0,0.2683756
263,0,0.383916603
264,0,0.183715368
265,0,0.291807322
266,0,0.377366912
267,0,0.276125518
268,0,0.250891944
269,0,0.11964828
270,0,0.175685727
271,0,0.275847651
272,0,0.10303521
273,0,0.194529073
274,0,0.286754794
275,0,0.260732522
276,1,0.55741628
277,0,0.182677705
278,0,0.255975042
279,0,0.220042422
280,0,0.174662117
281,0,0.163011809
282,0,0.122821756
283,0,0.418222068
284,0,0.207185763
285,0,0.161211547
286,1,0.791234879
287,0,0.306096321
288,0,0.180405593
289,0,0.256623303
290,1,0.759517495
291,0,0.19004276
292,0,0.079037258
293,0,0.210543622
294,0,0.216776645
295,0,0.323492942
296,0,0.248398777
297,0,0.290362615
298,0,0.38063821
299,0,0.125360815
300,0,0.057914214
301,0,0.06104427
302,0,0.22298447
303,0,0.302664292
304,0,0.408400646
305,0,0.125901602
306,0,0.283166513
307,0,0.265954892
308,0,0.298995638
309,0,0.177327365
310,0,0.197942203
311,0,0.322346363
312,0,0.123818095
313,0,0.13755854
314,0,0.159248454
315,0,0.13450679
316,0,0.42614635
317,0,0.215222122
318,0,0.221128197
319,0,0.312752588
320,0,0.296155952
321,0,0.123782352
322,0,0.121914927
323,1,0.613094774
324,0,0.35682944
325,0,0.283523768
326,0,0.372943703
327,0,0.214262897
328,0,0.345121839
329,0,0.1873913
330,0,0.240648071
331,1,0.53343231
332,0,0.147697271
333,1,0.52067232
334,0,0.12043449
335,0,0.352575069
336,0,0.479908057
337,1,0.510720817
338,0,0.204787259
339,1,0.82673266
340,0,0.162197529
341,0,0.107535385
342,0,0.274026814
343,0,0.451961216
344,0,0.058704532
345,1,0.516513783
346,0,0.181652915
347,0,0.185427502
348,0,0.300332166
349,0,0.199526914
350,0,0.268061055
351,0,0.139808001
352,0,0.427026181
353,0,0.125583968
354,0,0.099539245
355,0,0.196469081
356,0,0.22111886
357,0,0.44551588
358,0,0.188022526
359,0,0.247473566
360,0,0.226239784
361,0,0.170107072
362,0,0.108871886
363,0,0.303678461
364,0,0.366536434
365,0,0.442867025
366,0,0.287460013
367,0,0.119294688
368,0,0.076449959
369,0,0.296214729
370,1,0.612182481
371,0,0.279925543
372,0,0.400589207
373,1,0.711666759
374,0,0.232161557
375,0,0.27525297
376,1,0.519837122
377,1,0.613146002
378,0,0.11142019
379,0,0.132156525
380,0,0.19848875
381,0,0.31880604
382,0,0.217331759
383,0,0.397210977
384,0,0.210365767
385,0,0.199003663
386,0,0.263438444
387,0,0.115855941
388,0,0.309556273
389,0,0.118625359
390,0,0.088796247
391,0,0.11796861
392,0,0.162022957
393,0,0.489238654
394,0,0.307784101
395,0,0.2414475
396,0,0.306073063
397,0,0.14610633
398,0,0.280658801
399,0,0.280040846
400,0,0.255861109
401,0,0.401869768
402,0,0.42793932
403,0,0.220935775
404,0,0.351387136
405,0,0.121496811
406,0,0.152574252
407,0,0.326085334
408,0,0.129685667
409,0,0.190524509
410,0,0.382327756
411,0,0.251757462
412,0,0.401902504
413,0,0.19785798
414,0,0.4522653
415,0,0.43055662
416,0,0.17875005
417,0,0.12530222
418,0,0.299501412
419,0,0.348547399
420,0,0.305525154
421,0,0.145873244
422,0,0.230886666
423,0,0.484043968
424,0,0.164212534
425,0,0.418647484
426,0,0.318200971
427,0,0.178953938
428,0,0.176913774
429,0,0.423197827
430,0,0.180957154
431,0,0.307930456
432,0,0.17860799
433,0,0.409435113
434,0,0.381367139
435,0,0.407186451
436,0,0.488998915
437,0,0.213813302
438,0,0.13950995
439,0,0.309220608
440,0,0.125654799
441,0,0.126041094
442,0,0.331473528
443,0,0.296085166
444,0,0.343307305
445,0,0.117824974
446,0,0.167557716
447,0,0.444055558
448,0,0.206839334
449,0,0.448733435
450,0,0.295281728
451,0,0.21648782
452,0,0.18057475
453,0,0.107955693
454,0,0.124072809
455,0,0.17491489
456,0,0.290404956
457,0,0.31402038
458,0,0.122472365
459,0,0.391101306
460,0,0.12393244
461,0,0.213716031
462,0,0.296573874
463,0,0.15960994
464,0,0.109981962
465,1,0.525516658
466,0,0.253833208
467,0,0.312979801
468,0,0.368114168
469,0,0.315402574
470,0,0.145073511
471,0,0.094863379
472,0,0.345781885
473,0,0.206289691
474,0,0.157713603
475,0,0.073494749
476,0,0.173200713
477,0,0.269832879
478,0,0.375380843
479,0,0.355340806
480,0,0.210052612
481,0,0.125490947
482,0,0.393869833
483,0,0.405840364
484,0,0.184021075
485,0,0.10210699
486,0,0.112636682
487,0,0.348618094
488,0,0.304303382
489,0,0.313904966
490,1,0.983598971
491,0,0.465123789
492,0,0.365118517
493,0,0.240028608
494,0,0.200649849
495,0,0.270579342
496,0,0.109308811
497,0,0.39794753
498,0,0.12100254
499,0,0.307764569
500,0,0.364435252
501,0,0.201344683
502,0,0.420309409
503,0,0.418124348
504,0,0.329405974
505,0,0.492571843
506,1,0.934624937
507,0,0.1669975
508,0,0.079052989
509,0,0.294101193
510,0,0.282590809
511,0,0.115680647
512,0,0.347758465
513,0,0.294367908
514,0,0.376661101
515,0,0.195050188
516,0,0.483491419
517,1,0.601745851
518,0,0.310869986
519,0,0.184004119
520,0,0.419729697
521,0,0.223881231
522,0,0.313416193
523,0,0.262535075
524,0,0.095102736
525,0,0.388125175
526,0,0.26084668
527,0,0.123723874
528,1,0.553402687
529,0,0.149661043
530,0,0.132698213
531,0,0.223753971
532,0,0.108132853
533,0,0.213669379
534,0,0.410418656
535,0,0.420391334
536,0,0.196381772
537,0,0.369971351
538,1,0.903769416
539,1,0.662397945
540,0,0.363703784
541,0,0.310470182
542,0,0.302358792
543,0,0.317450551
544,0,0.198641998
545,0,0.48576752
546,0,0.174652818
547,0,0.214067249
548,0,0.191305554
549,0,0.427503898
550,0,0.160842459
551,0,0.208000324
552,0,0.151391781
553,0,0.109784875
554,0,0.167026201
555,0,0.277009606
556,0,0.167665168
557,0,0.354822998
558,1,0.580667398
559,0,0.447767743
560,0,0.14531222
561,0,0.399546557
562,0,0.261757182
563,0,0.167145111
564,0,0.18401264
565,1,0.676293514
566,0,0.326586476
567,1,0.519116291
568,0,0.354434694
569,0,0.125889627
570,0,0.079029325
571,0,0.174545278
572,1,0.518711859
573,0,0.303949954
574,0,0.291148789
575,0,0.269857437
576,0,0.109601589
577,0,0.185712907
578,1,0.573907902
579,0,0.207452454
580,0,0.146634471
581,0,0.145073456
582,0,0.317265144
583,0,0.151545754
584,0,0.222022404
585,0,0.410315394
586,0,0.166981436
587,0,0.187075827
588,1,0.617761658
589,0,0.186485363
590,0,0.115636559
591,0,0.135557462
592,0,0.267524412
593,0,0.061868399
594,0,0.123283503
595,0,0.164198216
596,1,0.877821566
597,0,0.389773473
598,0,0.274289417
599,0,0.116097766
600,0,0.304394028
601,0,0.179928697
602,0,0.140813329
603,0,0.440964931
604,0,0.216584075
605,0,0.21377682
606,0,0.057867497
607,0,0.201034868
608,0,0.190194714
609,0,0.340730435
610,0,0.405706829
611,0,0.203893808
612,0,0.224321525
613,0,0.095110084
614,0,0.349190961
615,0,0.328944679
616,0,0.301713717
617,0,0.282743215
618,0,0.219413713
619,0,0.186848271
620,1,0.742183427
621,0,0.109666012
622,0,0.221193326
623,0,0.093953756
624,0,0.407031382
625,0,0.367033687
626,1,0.897644394
627,0,0.296015612
628,0,0.20704456
629,0,0.217039237
630,0,0.173967566
631,1,0.535494478
632,0,0.186421112
633,0,0.200880893
634,0,0.2644999
635,0,0.200706433
636,0,0.078859652
637,0,0.216277067
638,0,0.215508078
639,0,0.38133966
640,0,0.269558676
641,0,0.246962617
642,0,0.108986073
643,0,0.063715786
644,0,0.285540951
645,0,0.191770169
646,0,0.2097151
647,0,0.315441425
648,0,0.186735567
649,0,0.115713028
650,0,0.439139086
651,0,0.157088809
652,0,0.41023832
653,0,0.1149385
654,0,0.160244294
655,0,0.313416333
656,0,0.227255862
657,0,0.117012974
658,0,0.491187627
659,0,0.18076227
660,1,0.798306874
661,0,0.147445781
662,0,0.117698839
663,1,0.82354876
664,1,0.649926178
665,0,0.38146371
666,0,0.42558161
667,0,0.07921657
668,0,0.135118179
669,0,0.295244372
670,1,0.729806656
671,0,0.170072685
672,0,0.377490889
673,0,0.331664283
674,0,0.36320466
675,0,0.423638429
676,1,0.562812126
677,0,0.267008845
678,0,0.313143936
679,0,0.312063438
680,0,0.114310516
681,0,0.210353307
682,0,0.31578564
683,0,0.236488499
684,0,0.077736094
685,0,0.195605765
686,0,0.187115867
687,0,0.093524383
688,0,0.123457257
689,1,0.866912742
690,1,0.886034804
691,0,0.173441577
692,0,0.233489042
693,0,0.218813461
694,0,0.313926527
695,0,0.166446243
696,0,0.279968984
697,0,0.325264763
698,0,0.119734065
699,0,0.170618614
700,0,0.121172352
701,0,0.320152839
702,0,0.181713395
703,0,0.282786254
704,0,0.207567913
705,0,0.172132442
706,0,0.115652778
707,0,0.259006931
708,0,0.116806314
709,0,0.417933591
710,0,0.201655068
711,0,0.377364719
712,0,0.402079304
713,0,0.175624818
714,0,0.46034393
715,0,0.1368926
716,0,0.241410763
717,0,0.143776001
718,0,0.158552637
719,0,0.305051644
720,0,0.360489327
721,0,0.22318835
722,0,0.260124048
723,1,0.518477515
724,0,0.164166513
725,0,0.168983407
726,0,0.141848457
727,0,0.094824824
728,0,0.292286214
729,0,0.120593042
730,0,0.108422625
731,0,0.488586261
732,0,0.310847282
733,0,0.077017884
734,0,0.174468419
735,0,0.356132221
736,0,0.10913178
737,0,0.229356635
738,0,0.323305747
739,0,0.183093064
740,0,0.303882222
741,0,0.179673002
742,0,0.163377146
743,1,0.705471192
744,0,0.181571693
745,0,0.262393746
746,0,0.200669884
747,0,0.355728091
748,0,0.28454709
749,0,0.255818665
750,0,0.2132443
751,0,0.168345881
752,0,0.209105337
753,1,0.575788959
754,0,0.134903617
755,0,0.286829995
756,1,0.828578344
757,0,0.185638745
758,0,0.158746162
759,0,0.253498504
760,1,0.677480513
761,0,0.384995357
762,0,0.386486524
763,0,0.116075394
764,0,0.123399485
765,0,0.409280036
766,0,0.16707087
767,1,0.612079005
768,0,0.298069473
769,0,0.305144556
770,0,0.179048675
771,1,0.524529052
772,1,0.755176858
773,0,0.198403467
774,0,0.183985026
775,1,0.72641477
776,0,0.180366818
777,0,0.303352724
778,0,0.407821454
779,0,0.192767748
780,0,0.392181221
781,0,0.125654365
782,0,0.078733842
783,0,0.197680213
784,0,0.302661248
785,0,0.256181221
786,0,0.077769251
787,0,0.388150582
788,0,0.277775497
789,0,0.124002314
790,0,0.419273787
791,1,0.738800505
792,0,0.252423355
793,0,0.237390335
794,0,0.086217186
795,0,0.157326456
796,0,0.109653103
797,0,0.300826222
798,0,0.355919698
799,1,0.627026823
800,0,0.310961409
801,0,0.171073719
802,1,0.849213672
803,0,0.201480891
804,0,0.41942828
805,0,0.292414325
806,0,0.385902658
807,0,0.30143419
808,0,0.285460181
809,0,0.220354906
810,0,0.173803976
811,0,0.296458916
812,0,0.181746811
813,0,0.325546707
814,0,0.494656332
815,0,0.347502836
816,0,0.077376463
817,0,0.076292225
818,1,0.626183478
819,0,0.339172781
820,0,0.222753076
821,0,0.120605387
822,1,0.719992267
823,0,0.322115303
824,0,0.170999424
825,0,0.222147656
826,0,0.108757943
827,0,0.343162796
828,1,0.524530677
829,0,0.13805915
830,0,0.179000947
831,0,0.139473768
832,0,0.219476305
833,0,0.076609369
834,0,0.156530101
835,0,0.198476273
836,0,0.355325189
837,0,0.125066514
838,0,0.279806944
839,0,0.242303558
840,1,0.894867246
841,0,0.379246981
842,0,0.256575314
843,0,0.182308281
844,1,0.617802523
845,0,0.161790995
846,0,0.099913881
847,0,0.258947112
848,1,0.589999736
849,0,0.401615628
850,0,0.175500207
851,0,0.348980951
852,0,0.068482261
853,0,0.342516499
854,1,0.904586514
855,0,0.067180761
856,0,0.151281758
857,0,0.206453533
858,0,0.293142205
859,1,0.771438529
860,0,0.142387916
861,0,0.231024352
862,0,0.290320494
863,1,0.734138441
864,0,0.30957979
865,1,0.865816724
866,0,0.078896912
867,1,0.948106483
868,0,0.161573217
869,0,0.366474264
870,0,0.115867223
871,1,0.575767843
872,0,0.304461744
873,0,0.16895348
874,0,0.202760651
875,0,0.383369535
876,0,0.196437137
877,0,0.119764609
878,1,0.524689704
879,0,0.077645027
880,1,0.795976402
881,0,0.19296223
882,0,0.181429111
883,1,0.525453345
884,0,0.258331819
885,0,0.109612105
886,0,0.125009244
887,0,0.34618187
888,0,0.141829336
889,0,0.169307794
890,0,0.262757906
891,0,0.220354177
892,0,0.215219219
893,0,0.160726473
894,0,0.157564205
895,0,0.151419681
896,0,0.371976721
897,0,0.141505228
898,0,0.388184881
899,0,0.117847462
900,0,0.13812854
901,0,0.163928818
902,0,0.211680888
903,0,0.332294251
904,0,0.469507144
905,0,0.125361519
906,0,0.137315835
907,0,0.406881192
908,0,0.316755316
909,0,0.457809617
910,0,0.257511213
911,0,0.113724775
912,0,0.187656442
913,0,0.077643843
914,0,0.102172459
915,0,0.427450961
916,0,0.213614162
917,0,0.101543934
918,0,0.2985595
919,0,0.304670001
920,0,0.25343311
921,0,0.297027613
922,0,0.42156139
923,0,0.248991072
924,0,0.41288871
925,0,0.077682188
926,0,0.20103495
927,0,0.178403943
928,0,0.326549256
929,0,0.211537799
930,0,0.303700549
931,0,0.26912256
932,0,0.321194509
933,0,0.389215694
934,0,0.401589983
935,0,0.26060118
936,0,0.12070748
937,0,0.39843216
938,0,0.377289269
939,0,0.069624603
940,0,0.171823932
941,0,0.351671661
942,0,0.198633918
943,0,0.17040353
944,0,0.409461444
945,0,0.370603334
946,0,0.077651942
947,1,0.579290597
948,0,0.218398137
949,0,0.119812791
950,0,0.292858844
951,0,0.432206741
952,0,0.273010583
953,1,0.761777958
954,0,0.36765261
955,0,0.195359879
956,0,0.214219025
957,0,0.232249567
958,0,0.214882039
959,0,0.258364272
960,1,0.65073019
961,0,0.107129118
962,0,0.1312244
963,0,0.152176532
964,0,0.238755437
965,0,0.18526085
966,0,0.296228206
967,0,0.348934623
968,0,0.460148382
969,0,0.18620703
970,0,0.108405782
971,0,0.252726676
972,0,0.316894409
973,1,0.731978956
974,1,0.524369652
975,0,0.22512956
976,0,0.375368209
977,0,0.217293411
978,0,0.466545611
979,0,0.230356763
980,0,0.268117991
981,0,0.132750977
982,0,0.259550389
983,0,0.357970979
984,0,0.268460154
985,0,0.295111881
986,0,0.112166817
987,0,0.077689897
988,0,0.245994189
989,0,0.309555339
990,0,0.32112211
991,0,0.200279759
992,0,0.186864968
993,0,0.290122791
994,0,0.38728024
995,0,0.184191226
996,0,0.315992117
997,0,0.162423717
998,0,0.136238171
999,0,0.400203111
1000,0,0.145099975
1001,0,0.272653689
1002,0,0.220851275
1003,0,0.453472526
1004,0,0.152157402
1005,0,0.12561921
1006,0,0.271572561
1007,0,0.178122604
1008,1,0.904889624
1009,0,0.076240443
1010,1,0.783939246
1011,0,0.109958683
1012,0,0.258129268
1013,0,0.410289496
1014,1,0.670669526
1015,0,0.240686509
1016,0,0.118145456
1017,0,0.222790369
1018,0,0.298786075
1019,0,0.102555792
1020,0,0.401641282
1021,0,0.108872062
1022,0,0.158946646
1023,0,0.343066327
1024,0,0.36860091
1025,0,0.103262681
1026,0,0.179048176
1027,0,0.158584402
1028,0,0.275292909
1029,0,0.31305183
1030,1,0.613202045
1031,0,0.217056352
1032,0,0.303422154
1033,0,0.205620598
1034,0,0.182070436
1035,0,0.209159907
1036,0,0.213626037
1037,0,0.264661968
1038,0,0.136210267
1039,0,0.193683005
1040,0,0.319366514
1041,0,0.407767706
1042,0,0.114135556
1043,0,0.110737107
1044,0,0.213886193
1045,0,0.125583818
1046,0,0.442946136
1047,0,0.263459502
1048,0,0.190819549
1049,1,0.553539149
1050,0,0.175038758
1051,1,0.898924403
1052,0,0.307229115
1053,0,0.486914531
1054,0,0.14757906
1055,0,0.108872719
1056,0,0.190861718
1057,0,0.102738767
1058,0,0.481772759
1059,0,0.192743728
1060,0,0.217031916
1061,0,0.15137208
1062,0,0.184239691
1063,0,0.1255743
1064,0,0.12233816
1065,0,0.251522343
1066,0,0.429691886
1067,0,0.111552716
1068,0,0.441653165
1069,0,0.268528486
1070,0,0.123714215
1071,0,0.274395398
1072,0,0.21883392
1073,0,0.186631106
1074,0,0.121572811
1075,0,0.089653817
1076,0,0.432008528
1077,0,0.279736513
1078,0,0.305295965
1079,0,0.312040118
1080,0,0.186120321
1081,0,0.354149797
1082,0,0.161226059
1083,0,0.401692997
1084,0,0.313213248
1085,0,0.1530869
1086,0,0.14756306
1087,1,0.511979829
1088,0,0.223806076
1089,1,0.543079366
1090,0,0.1212777
1091,0,0.118675788
1092,0,0.214443474
1093,0,0.226085181
1094,1,0.617041885
1095,0,0.26539138
1096,1,0.520070672
1097,0,0.408849949
1098,0,0.078842809
1099,0,0.440222427
1100,0,0.310337358
1101,0,0.326118192
1102,0,0.115167804
1103,0,0.105070178
1104,0,0.16781524
1105,0,0.303488512
1106,0,0.140765109
1107,0,0.385815989
1108,0,0.395060761
1109,0,0.195185245
1110,0,0.369388206
1111,0,0.164352351
1112,0,0.231229177
1113,0,0.452153461
1114,0,0.284658703
1115,0,0.213087175
1116,0,0.187189691
1117,0,0.223787805
1118,0,0.103361709
1119,0,0.217220801
1120,0,0.380614094
1121,0,0.121868882
1122,0,0.285899266
1123,1,0.675309974
1124,0,0.209640321
1125,0,0.222021359
1126,0,0.179206472
1127,0,0.405178544
1128,0,0.409598706
1129,0,0.322287866
1130,1,0.58579635
1131,0,0.160249717
1132,0,0.486515932
1133,0,0.106344359
1134,0,0.303538368
1135,0,0.251052536
1136,0,0.145272466
1137,0,0.182056233
1138,0,0.429401304
1139,0,0.206533235
1140,0,0.385637186
1141,0,0.206298619
1142,0,0.124647521
1143,0,0.117624439
1144,0,0.196050158
1145,0,0.307079203
1146,0,0.214818471
1147,0,0.149740936
1148,0,0.320852992
1149,0,0.171909326
1150,1,0.958204113
1151,0,0.367453149
1152,0,0.242034828
1153,0,0.106199269
1154,0,0.101487053
1155,0,0.113397859
1156,0,0.445502553
1157,0,0.210953135
1158,0,0.248577769
1159,0,0.343066158
1160,0,0.343260376
1161,0,0.199084842
1162,0,0.223880537
1163,0,0.135815751
1164,0,0.216494256
1165,0,0.391547464
1166,0,0.263197386
1167,0,0.143050658
1168,0,0.211056236
1169,1,0.874009873
1170,0,0.285547155
1171,1,0.519837013
1172,0,0.322931448
1173,0,0.29961359
1174,0,0.41386148
1175,1,0.815353192
1176,0,0.36782432
1177,1,0.786643933
1178,0,0.36493347
1179,0,0.182326849
1180,0,0.12533948
1181,0,0.378580401
1182,0,0.123909868
1183,0,0.200228463
1184,0,0.427288001
1185,0,0.136866609
1186,0,0.445642379
1187,0,0.480057458
1188,0,0.213160271
1189,0,0.286574689
1190,0,0.078140353
1191,0,0.224164837
1192,0,0.485072091
1193,0,0.123758391
1194,0,0.161545746
1195,0,0.39731293
1196,0,0.213597135
1197,0,0.282000906
1198,0,0.443903451
1199,0,0.306641477
1200,0,0.21261012
1201,0,0.186501891
1202,0,0.212030422
1203,0,0.375705945
1204,0,0.391706451
1205,1,0.776025756
1206,0,0.208047575
1207,0,0.236337857
1208,0,0.309336085
1209,0,0.125961672
1210,0,0.215958274
1211,0,0.409228635
1212,0,0.221367427
1213,0,0.140222576
1214,0,0.180009844
1215,0,0.342369259
1216,1,0.843265329
1217,0,0.368337871
1218,0,0.181920354
1219,0,0.219805423
1220,0,0.173376884
1221,1,0.88505054
1222,0,0.121978246
1223,0,0.176371633
1224,0,0.125407729
1225,0,0.2657971
1226,1,0.547525013
1227,0,0.081849367
1228,0,0.358797001
1229,0,0.122637093
1230,0,0.211078249
1231,0,0.123433779
1232,0,0.152348449
1233,0,0.174622302
1234,0,0.401606245
1235,0,0.204290477
1236,0,0.247792252
1237,1,0.525730486
1238,0,0.169648915
1239,0,0.177007251
1240,0,0.13505369
1241,0,0.123283292
1242,0,0.426828258
1243,0,0.121572844
1244,1,0.729851821
1245,0,0.216632408
1246,0,0.300770666
1247,0,0.180765646
1248,0,0.307745671
1249,0,0.305187543
1250,0,0.130394054
1251,0,0.306232517
1252,0,0.170939891
1253,0,0.400818558
1254,1,0.729806816
1255,1,0.891027637
1256,0,0.200650809
1257,1,0.514301365
1258,0,0.17974114
1259,0,0.282553816
1260,0,0.379174703
1261,0,0.320992567
1262,0,0.400588278
1263,0,0.403411307
1264,0,0.236623359
1265,0,0.30616526
1266,0,0.125619222
1267,0,0.123514742
1268,0,0.075057838
1269,0,0.399483506
1270,0,0.360050835
1271,0,0.313719418
1272,0,0.23704249
1273,0,0.421900272
1274,0,0.246426493
1275,0,0.302684322
1276,0,0.196117619
1277,0,0.24364989
1278,0,0.310870673
1279,0,0.410444536
1280,0,0.281218936
1281,0,0.153478709
1282,0,0.095985023
1283,1,0.711601012
1284,0,0.27876076
1285,0,0.308324389
1286,0,0.312016918
1287,0,0.28702502
1288,0,0.150611062
1289,0,0.411706125
1290,0,0.270727819
1291,0,0.186945865
1292,0,0.226851593
1293,0,0.270553892
1294,1,0.51203455
1295,0,0.132771229
1296,0,0.128338487
1297,1,0.705833228
1298,0,0.210352616
1299,0,0.074172224
1300,0,0.370819835
1301,0,0.273672886
1302,0,0.12974616
1303,0,0.316257477
1304,0,0.12556094
1305,0,0.381676531
1306,0,0.129179675
1307,1,0.621593444
1308,0,0.208311015
1309,0,0.439373853
1310,0,0.391175647
1311,0,0.209921332
1312,0,0.202118955
1313,0,0.101048898
1314,0,0.125009242
1315,0,0.480163544
1316,0,0.160879354
1317,0,0.200470728
1318,0,0.270094689
1319,0,0.211253634
1320,0,0.12537254
1321,0,0.2536016
1322,0,0.185905707
1323,0,0.300744995
1324,0,0.31889733
1325,0,0.123829934
1326,0,0.162101396
1327,0,0.240524065
1328,0,0.077613385
1329,0,0.212843443
1330,0,0.180009309
1331,0,0.37186892
1332,0,0.364571834
1333,0,0.204616666
1334,1,0.69923364
1335,0,0.181828874
1336,0,0.209556192
1337,0,0.238377274
1338,1,0.753406891
1339,1,0.521405555
1340,0,0.114304668
1341,0,0.376123349
1342,0,0.123886026
1343,0,0.380153491
1344,0,0.284198982
1345,0,0.214652344
1346,0,0.212404137
1347,0,0.354040987
1348,0,0.266489253
1349,1,0.639872518
1350,0,0.457517817
1351,0,0.343186642
1352,0,0.121688682
1353,0,0.34444169
1354,0,0.210062496
1355,0,0.42924457
1356,0,0.313440007
1357,0,0.412373838
1358,0,0.124041221
1359,0,0.284503542
1360,0,0.189684087
1361,0,0.156231738
1362,0,0.240239204
1363,0,0.421225191
1364,0,0.203260432
1365,0,0.175593484
1366,0,0.057391887
1367,0,0.182856773
1368,0,0.361715837
1369,1,0.975647681
1370,0,0.213867159
1371,0,0.359782214
1372,0,0.262377552
1373,0,0.306073453
1374,0,0.418694288
1375,1,0.913504668
1376,0,0.111551264
1377,0,0.186636055
1378,0,0.215967355
1379,0,0.194682156
1380,0,0.271975711
1381,0,0.092874616
1382,1,0.799692242
1383,0,0.2344041
1384,0,0.153114818
1385,0,0.198880434
1386,0,0.294911201
1387,1,0.519554656
1388,0,0.186523572
1389,1,0.540052608
1390,0,0.263093255
1391,0,0.235807866
1392,0,0.099760601
1393,0,0.128603614
1394,0,0.292793473
1395,0,0.124682549
1396,0,0.12331838
1397,0,0.204236027
1398,0,0.158995563
1399,0,0.168015098
1400,1,0.509991834
1401,0,0.120502507
1402,0,0.200880296
1403,0,0.179221532
1404,0,0.234292945
1405,0,0.157030638
1406,0,0.285135764
1407,0,0.416218575
1408,1,0.518075466
1409,1,0.557527159
1410,0,0.216429423
1411,0,0.409202468
1412,0,0.327840261
1413,0,0.171282918
1414,0,0.174006175
1415,0,0.380617407
1416,0,0.347015571
1417,0,0.259151459
1418,0,0.198712087
1419,0,0.119528958
1420,0,0.398687758
1421,0,0.323731818
1422,0,0.353576396
1423,1,0.653758608
1424,0,0.296194355
1425,0,0.279814633
1426,0,0.18231765
1427,0,0.29114517
1428,0,0.245033731
1429,0,0.3870452
1430,0,0.112330309
1431,0,0.145219496
1432,0,0.117288826
1433,0,0.278674092
1434,0,0.446250861
1435,0,0.267947571
1436,0,0.164388199
1437,0,0.327930265
1438,0,0.151509231
1439,0,0.310083243
1440,1,0.540631231
1441,0,0.250443365
1442,0,0.309948207
1443,0,0.282597408
1444,0,0.181859118
1445,0,0.219639858
1446,0,0.304782799
1447,0,0.305051389
1448,0,0.364710087
1449,0,0.176976274
1450,0,0.30923676
1451,1,0.576634234
1452,0,0.217618769
1453,0,0.195638773
1454,0,0.382365464
1455,0,0.123295259
1456,0,0.484017166
1457,0,0.284927318
1458,0,0.3062998
1459,0,0.311443577
1460,0,0.278587964
1461,1,0.542237464
1462,0,0.063760406
1463,0,0.259426849
1464,1,0.609608414
1465,0,0.227990253
1466,0,0.493689953
1467,0,0.216583774
1468,0,0.193526314
1469,0,0.173659881
1470,0,0.188554357
1471,0,0.157949198
1472,0,0.384709068
1473,0,0.344625818
1474,0,0.49010843
1475,0,0.303420571
1476,0,0.396381371
1477,0,0.109225315
1478,0,0.382943602
1479,0,0.31627681
1480,0,0.11691644
1481,0,0.171394298
1482,0,0.413575343
1483,1,0.912501504
1484,0,0.308135224
1485,0,0.305232776
1486,0,0.206903781
1487,0,0.32034014
1488,0,0.313416834
1489,0,0.216793632
1490,0,0.306807552
1491,0,0.219987672
1492,1,0.532161833
1493,0,0.327812371
1494,0,0.316160451
1495,0,0.201807655
1496,0,0.109653271
1497,1,0.51190073
1498,0,0.280570756
1499,0,0.274520809
1500,0,0.198922868
1501,0,0.183958222
1502,0,0.458176671
1503,0,0.178441887
1504,0,0.345283457
1505,0,0.286547215
1506,0,0.157368937
1507,1,0.646588084
1508,0,0.233395695
1509,0,0.191506199
1510,0,0.292604474
1511,0,0.108851033
1512,0,0.295280219
1513,0,0.299793519
1514,0,0.361579644
1515,0,0.393376993
1516,0,0.256017101
1517,0,0.187222413
1518,0,0.169825744
1519,0,0.34612404
1520,0,0.296306092
1521,0,0.117592124
1522,0,0.120562914
1523,0,0.287573427
1524,0,0.18169304
1525,0,0.212861971
1526,0,0.122793948
1527,0,0.068057293
1528,1,0.746970189
1529,0,0.12287925
1530,0,0.11875619
1531,0,0.102427552
1532,0,0.220844389
1533,0,0.417188205
1534,1,0.566427673
1535,0,0.207965301
1536,0,0.24781825
1537,0,0.123886215
1538,1,0.528825407
1539,0,0.306325586
1540,0,0.125878243
1541,1,0.644064146
1542,0,0.289328454
1543,1,0.7599304
1544,0,0.263280608
1545,0,0.139009776
1546,0,0.31617858
1547,0,0.212324411
1548,0,0.384625137
1549,1,0.839072135
1550,0,0.285867059
1551,1,0.515500892
1552,1,0.729638032
1553,0,0.20971647
1554,0,0.163610597
1555,0,0.210500031
1556,0,0.15821054
1557,0,0.401701604
1558,0,0.385166993
1559,0,0.350504756
1560,0,0.460557003
1561,1,0.512190449
1562,0,0.105742628
1563,0,0.284970757
1564,0,0.152405274
1565,0,0.208435824
1566,0,0.147604522
1567,0,0.127920111
1568,0,0.196793461
1569,0,0.369498466
1570,0,0.09723317
1571,0,0.441969445
1572,0,0.296060598
1573,0,0.322359585
1574,0,0.202542482
1575,0,0.172046289
1576,0,0.334480425
1577,0,0.218742486
1578,0,0.273578597
1579,0,0.141751245
1580,0,0.311190907
1581,0,0.108810899
1582,0,0.187318816
1583,0,0.275797542
1584,0,0.219603894
1585,0,0.161429452
1586,0,0.299641471
1587,0,0.223881024
1588,0,0.12236122
1589,0,0.218337325
1590,1,0.678543698
1591,0,0.296623368
1592,0,0.223881753
1593,0,0.401836198
1594,0,0.31153503
1595,0,0.446825492
1596,0,0.202420658
1597,0,0.264849141
1598,0,0.126188781
1599,0,0.220575535
1600,0,0.341813376
1601,0,0.168981316
1602,0,0.250191297
1603,0,0.417448567
1604,0,0.165676177
1605,0,0.13510582
1606,0,0.254402333
1607,0,0.184519873
1608,0,0.13966864
1609,0,0.222817791
1610,0,0.200142816
1611,0,0.219843552
1612,0,0.101962181
1613,0,0.176960626
1614,0,0.161232447
1615,0,0.151295663
1616,0,0.164182448
1617,0,0.099156404
1618,0,0.124458551
1619,0,0.094343441
1620,0,0.09282989
1621,0,0.183308879
1622,0,0.229385619
1623,0,0.076650051
1624,0,0.161200599
1625,1,0.759808478
1626,0,0.259139076
1627,0,0.137634441
1628,0,0.187224495
1629,0,0.122539916
1630,0,0.493957398
1631,0,0.19129136
1632,0,0.202051282
1633,0,0.213345852
1634,0,0.275708238
1635,0,0.125958998
1636,0,0.173792728
1637,0,0.174514893
1638,0,0.068501281
1639,0,0.347514407
1640,0,0.317598611
1641,0,0.179110933
1642,0,0.278373282
1643,0,0.071251163
1644,0,0.150734683
1645,0,0.19980033
1646,0,0.430781273
1647,0,0.206868729
1648,0,0.121608981
1649,0,0.145437676
1650,0,0.380633001
1651,1,0.533244539
1652,0,0.382155389
1653,0,0.097454414
1654,0,0.284442639
1655,0,0.33336003
1656,0,0.410186731
1657,0,0.383983804
1658,1,0.801451121
1659,0,0.124892471
1660,0,0.145458853
1661,0,0.288758895
1662,0,0.114623066
1663,0,0.09151068
1664,0,0.385781388
1665,0,0.441969632
1666,0,0.189317543
1667,0,0.17325498
1668,0,0.101526142
1669,1,0.525863622
1670,0,0.311213904
1671,0,0.453112348
1672,0,0.244162664
1673,0,0.455619501
1674,0,0.314020402
1675,0,0.137775034
1676,0,0.258855701
1677,0,0.181093051
1678,1,0.521944089
1679,0,0.191126188
1680,0,0.284811372
1681,0,0.094900107
1682,0,0.323342851
1683,0,0.205337178
1684,0,0.446144768
1685,0,0.246594805
1686,0,0.360741182
1687,0,0.428672082
1688,0,0.135519005
1689,1,0.519241295
1690,0,0.3874141
1691,0,0.123070416
1692,0,0.15172752
1693,0,0.144133954
1694,1,0.514173092
1695,0,0.149454077
1696,0,0.266768511
1697,0,0.210295489
1698,0,0.407438841
1699,0,0.141389039
1700,0,0.289087084
1701,0,0.190220112
1702,0,0.125984577
1703,0,0.076347727
1704,0,0.377763885
1705,0,0.305505262
1706,0,0.419651784
1707,0,0.135992248
1708,0,0.179709753
1709,0,0.141283274
1710,0,0.380688531
1711,0,0.199764797
1712,0,0.242801062
1713,0,0.254193959
1714,0,0.115572481
1715,0,0.232870412
1716,0,0.216030319
1717,0,0.408039954
1718,0,0.181445152
1719,0,0.486998046
1720,0,0.438254093
1721,0,0.208577129
1722,1,0.729954194
1723,1,0.705910064
1724,0,0.138090081
1725,0,0.338430985
1726,0,0.304585266
1727,0,0.315353704
1728,0,0.272616738
1729,0,0.311282272
1730,0,0.197997014
1731,0,0.146611681
1732,0,0.203215745
1733,0,0.203949458
1734,0,0.162705669
1735,0,0.125396013
1736,0,0.405835335
1737,0,0.287324806
1738,0,0.234384315
1739,0,0.282356135
1740,0,0.147466782
1741,0,0.219383481
1742,0,0.362822315
1743,0,0.221533349
1744,0,0.220667497
1745,0,0.145245968
1746,0,0.20418151
1747,0,0.317672169
1748,0,0.291273822
1749,0,0.173644322
1750,0,0.183293431
1751,0,0.460765825
1752,0,0.344586887
1753,1,0.880170589
1754,1,0.501525281
1755,0,0.228236346
1756,0,0.126202722
1757,0,0.113473688
1758,0,0.164715118
1759,0,0.179890163
1760,0,0.125478226
1761,1,0.731071411
1762,0,0.319141913
1763,0,0.125913698
1764,0,0.273155058
1765,0,0.269213548
1766,0,0.108149192
1767,0,0.277518092
1768,0,0.259207685
1769,0,0.471379444
1770,0,0.108706343
1771,0,0.296015326
1772,0,0.178982851
1773,0,0.130180905
1774,0,0.319548172
1775,0,0.1435505
1776,0,0.07899045
1777,0,0.174591801
1778,0,0.180522132
1779,0,0.08866649
1780,0,0.107941289
1781,0,0.280689731
1782,0,0.437938975
1783,0,0.188390109
1784,0,0.313212414
1785,0,0.229602381
1786,0,0.300052608
1787,0,0.142500725
1788,0,0.133881357
1789,0,0.120782332
1790,0,0.211680813
1791,0,0.171845891
1792,0,0.167742367
1793,0,0.463032077
1794,0,0.359585074
1795,0,0.336984769
1796,0,0.280462488
1797,0,0.195999655
1798,0,0.123249027
1799,0,0.410160437
1800,0,0.102764431
1801,0,0.280680176
1802,0,0.488968092
1803,0,0.204129365
1804,0,0.160822486
1805,0,0.249258797
1806,0,0.287643528
1807,0,0.145346218
1808,0,0.171392733
1809,0,0.163992717
1810,0,0.272320515
1811,0,0.255256856
1812,0,0.137571227
1813,0,0.304331858
1814,0,0.273069136
1815,0,0.091191023
1816,1,0.902371462
1817,0,0.277648276
1818,0,0.465862636
1819,0,0.304213029
1820,0,0.241234739
1821,0,0.277375444
1822,0,0.170594282
1823,0,0.171231315
1824,0,0.269095183
1825,0,0.304062928
1826,0,0.307604685
1827,0,0.261284119
1828,0,0.181699358
1829,0,0.36605003
1830,0,0.100135415
1831,0,0.306051855
1832,0,0.419547836
1833,0,0.216239463
1834,0,0.186653374
1835,0,0.183427398
1836,0,0.213685637
1837,0,0.160478723
1838,0,0.125866478
1839,0,0.192529048
1840,0,0.33272127
1841,0,0.398841148
1842,0,0.297170448
1843,0,0.20443897
1844,0,0.255649963
1845,0,0.272819075
1846,0,0.143925823
1847,0,0.214694621
1848,1,0.556980041
1849,0,0.27873894
1850,0,0.301817346
1851,0,0.364885135
1852,0,0.483963957
1853,0,0.352270523
1854,0,0.30139778
1855,0,0.485615549
1856,0,0.139210714
1857,0,0.162600743
1858,0,0.261170059
1859,0,0.222629339
1860,0,0.366958149
1861,0,0.216704695
1862,0,0.163348865
1863,0,0.210018202
1864,1,0.769429777
1865,0,0.227610413
1866,0,0.270368552
1867,0,0.107834354
1868,1,0.906039675
1869,0,0.284789485
1870,0,0.205980542
1871,0,0.305189363
1872,0,0.381491681
1873,0,0.227924985
1874,0,0.41419955
1875,0,0.292415561
1876,1,0.518156053
1877,0,0.44067691
1878,0,0.451487139
1879,1,0.836939913
1880,0,0.18986544
1881,1,0.532499487
1882,0,0.108737344
1883,0,0.168488143
1884,0,0.156770993
1885,1,0.604749001
1886,0,0.328792783
1887,0,0.210277105
1888,0,0.303675247
1889,0,0.213417074
1890,0,0.189247437
1891,0,0.081762993
1892,1,0.871494517
1893,0,0.288993506
1894,0,0.174576654
1895,0,0.263359403
1896,0,0.103153426
1897,0,0.267667854
1898,0,0.32039969
1899,0,0.123306815
1900,0,0.212663928
1901,0,0.277667874
1902,0,0.125443163
1903,0,0.104668275
1904,0,0.10048334
1905,0,0.113381065
1906,0,0.072029103
1907,0,0.309671014
1908,0,0.11549457
1909,0,0.168278242
1910,0,0.285310349
1911,0,0.318611128
1912,1,0.516544861
1913,0,0.343284902
1914,0,0.176917233
1915,0,0.161299419
1916,0,0.308126129
1917,0,0.200684776
1918,0,0.202216603
1919,0,0.115549165
1920,0,0.21303638
1921,0,0.163535123
1922,0,0.115461924
1923,0,0.275839263
1924,0,0.179789341
1925,0,0.273750581
1926,0,0.222872255
1927,0,0.129577342
1928,0,0.273204209
1929,0,0.166372093
1930,0,0.083970219
1931,0,0.381668279
1932,0,0.21572986
1933,0,0.213741221
1934,0,0.350027975
1935,0,0.173905561
1936,0,0.116282054
1937,1,0.924432816
1938,0,0.309145126
1939,0,0.10052186
1940,0,0.409616976
1941,0,0.292216539
1942,0,0.109590373
1943,0,0.311035108
1944,0,0.296104457
1945,0,0.286588032
1946,0,0.310349014
1947,0,0.185198461
1948,0,0.227005143
1949,0,0.305978534
1950,0,0.174714686
1951,0,0.309180359
1952,0,0.302697898
1953,0,0.473692819
1954,0,0.297583878
1955,0,0.315903352
1956,0,0.150582753
1957,1,0.798837856
1958,0,0.292100851
1959,0,0.433954212
1960,0,0.145139912
1961,0,0.100048725
1962,0,0.121218732
1963,0,0.374111037
1964,0,0.440677049
1965,0,0.141296925
1966,0,0.186231486
1967,0,0.100425242
1968,0,0.249960175
1969,0,0.215605511
1970,0,0.480704676
1971,0,0.304260025
1972,0,0.494091552
1973,0,0.159462186
1974,0,0.222002555
1975,0,0.268525247
1976,1,0.525702953
1977,0,0.292659506
1978,0,0.264018489
1979,0,0.216541376
1980,0,0.190845424
1981,0,0.383412076
1982,0,0.303285061
1983,1,0.889066806
1984,1,0.624486399
1985,0,0.267935057
1986,0,0.443870486
1987,0,0.288911381
1988,0,0.26767149
1989,0,0.269033275
1990,0,0.32979222
1991,0,0.210468566
1992,0,0.164373564
1993,0,0.123549619
1994,0,0.116556954
1995,0,0.393922983
1996,0,0.104679882
1997,0,0.285539401
1998,0,0.334373358
1999,0,0.313931786
2000,0,0.199646379
2001,0,0.131202407
2002,0,0.261219586
2003,0,0.421864359
2004,0,0.303904577
2005,0,0.419810133
2006,0,0.35980694
2007,0,0.195569118
2008,1,0.789727724
2009,0,0.179852868
2010,0,0.340393643
2011,0,0.250863682
2012,0,0.312177949
2013,0,0.179865423
2014,0,0.215143859
2015,0,0.207394431
2016,0,0.277498016
2017,0,0.278717205
2018,0,0.265646147
2019,0,0.114677009
2020,0,0.399190078
2021,0,0.174561004
2022,0,0.196656892
2023,0,0.200451422
2024,1,0.559711128
2025,0,0.393698489
2026,0,0.211850064
2027,0,0.402855138
2028,0,0.353255409
2029,1,0.612157428
2030,0,0.089757721
2031,0,0.293746743
2032,0,0.385941685
2033,0,0.255715052
2034,0,0.288240066
2035,0,0.058476833
2036,0,0.209325609
2037,0,0.374442953
2038,1,0.560370904
2039,0,0.294017934
2040,0,0.430846837
2041,0,0.137455176
2042,0,0.425882824
2043,0,0.113759289
2044,0,0.160215453
2045,0,0.383032036
2046,0,0.27528335
2047,0,0.222495846
2048,0,0.202742248
2049,1,0.951773327
2050,0,0.305552466
2051,0,0.179947352
2052,0,0.273468882
2053,0,0.216965876
2054,0,0.19370723
2055,0,0.343753397
2056,0,0.182521741
2057,0,0.139143191
2058,0,0.21027168
2059,0,0.270330063
2060,0,0.255463675
2061,0,0.296690809
2062,0,0.444620355
2063,0,0.209587958
2064,0,0.183261142
2065,0,0.403971049
2066,0,0.195747438
2067,1,0.544046152
2068,0,0.197646412
2069,0,0.379604943
2070,0,0.31824953
2071,0,0.272716709
2072,0,0.093926037
2073,0,0.168398009
2074,0,0.429427479
2075,0,0.092234933
2076,0,0.183934189
2077,0,0.37751493
2078,0,0.126066874
2079,0,0.301839776
2080,0,0.09597038
2081,0,0.174329002
2082,0,0.214114121
2083,0,0.39194493
2084,0,0.251502307
2085,1,0.662119914
2086,0,0.165736718
2087,0,0.199707687
2088,1,0.779642341
2089,0,0.279513828
2090,0,0.304281386
2091,0,0.400538089
2092,0,0.387998221
2093,1,0.745238496
2094,0,0.137410616
2095,0,0.285948045
2096,0,0.179820857
2097,1,0.563498026
2098,0,0.115582285
2099,0,0.275198309
2100,0,0.070211454
2101,0,0.154147441
2102,0,0.335575613
2103,0,0.406739489
2104,0,0.209574011
2105,0,0.083515364
2106,0,0.208211958
2107,0,0.200897489
2108,0,0.366296561
2109,0,0.314156854
2110,0,0.412016917
2111,1,0.510227815
2112,0,0.381007879
2113,0,0.295755752
2114,0,0.179756962
2115,0,0.419584952
2116,0,0.305119402
2117,0,0.176975789
2118,0,0.120977715
2119,0,0.409357802
2120,0,0.322159441
2121,0,0.186198992
2122,0,0.208996876
2123,0,0.1227871
2124,0,0.221312256
2125,0,0.179867304
2126,0,0.074251839
2127,0,0.274886562
2128,0,0.498606254
2129,0,0.174575723
2130,0,0.200497076
2131,0,0.121290741
2132,0,0.237198535
2133,0,0.125772389
2134,0,0.128230168
2135,0,0.454876547
2136,0,0.198487103
2137,0,0.474706924
2138,1,0.842677606
2139,0,0.318281754
2140,0,0.250783507
2141,0,0.311442818
2142,0,0.263837439
2143,0,0.414850425
2144,0,0.21602925
2145,0,0.109663764
2146,1,0.876278174
2147,0,0.120072273
2148,0,0.158890532
2149,0,0.396063719
2150,0,0.140906322
2151,0,0.123341591
2152,0,0.209343562
2153,0,0.221530945
2154,0,0.208824082
2155,0,0.390869974
2156,0,0.271890137
2157,1,0.541029174
2158,0,0.174514541
2159,0,0.409307301
2160,0,0.205636057
2161,0,0.206184231
2162,0,0.295493616
2163,0,0.10198163
2164,0,0.217274779
2165,0,0.279212682
2166,0,0.487547609
2167,0,0.241762406
2168,0,0.187238506
2169,1,0.649508592
2170,0,0.13471525
2171,0,0.400717548
2172,0,0.292285519
2173,0,0.201569299
2174,0,0.369101041
2175,0,0.154380905
2176,0,0.077766526
2177,0,0.167059764
2178,0,0.208771266
2179,0,0.090492106
2180,0,0.249984677
2181,0,0.233802297
2182,0,0.486673213
2183,0,0.187223272
2184,0,0.223721517
2185,0,0.413056427
2186,1,0.535785553
2187,0,0.256018185
2188,0,0.265743969
2189,0,0.207219681
2190,0,0.305233826
2191,0,0.409229059
2192,0,0.347404921
2193,0,0.291131307
2194,0,0.08866657
2195,0,0.295635424
2196,0,0.271152852
2197,0,0.292490743
2198,1,0.549214719
2199,0,0.320115725
2200,0,0.191798141
2201,0,0.360987834
2202,0,0.172569585
2203,0,0.142200428
2204,0,0.165861285
2205,1,0.523041429
2206,0,0.194160243
2207,1,0.767478166
2208,1,0.632564022
2209,0,0.161879802
2210,0,0.197114752
2211,0,0.214010959
2212,0,0.348496562
2213,1,0.870824608
2214,0,0.400820547
2215,0,0.180810071
2216,0,0.284046896
2217,0,0.421404985
2218,0,0.279365184
2219,0,0.416979645
2220,0,0.132160526
2221,0,0.1753483
2222,0,0.284535169
2223,0,0.141921498
2224,0,0.111742297
2225,1,0.511334159
2226,0,0.267214082
2227,0,0.108180301
2228,0,0.303452357
2229,0,0.120557956
2230,0,0.339881172
2231,1,0.531461011
2232,1,0.514349436
2233,1,0.669826708
2234,0,0.148774525
2235,0,0.123306438
2236,0,0.213813113
2237,0,0.234410442
2238,0,0.158120118
2239,0,0.30526495
2240,0,0.342802676
2241,0,0.28364664
2242,0,0.18634538
2243,0,0.198618574
2244,0,0.10270342
2245,0,0.410135053
2246,0,0.442966432
2247,0,0.165292488
2248,0,0.340990381
2249,0,0.34328311
2250,0,0.114481937
2251,1,0.780688888
2252,0,0.410625925
2253,0,0.359859402
2254,0,0.331559336
2255,0,0.279593154
2256,0,0.322346002
2257,0,0.141648306
2258,0,0.198038597
2259,0,0.311994149
2260,0,0.439270602
2261,0,0.057223178
2262,0,0.125890882
2263,0,0.237179012
2264,0,0.107654871
2265,0,0.313995998
2266,0,0.141479671
2267,0,0.235449403
2268,0,0.210365665
2269,1,0.646779631
2270,1,0.950178551
2271,0,0.259151212
2272,0,0.170564113
2273,0,0.362804176
2274,0,0.330375649
2275,0,0.292283237
2276,0,0.353601478
2277,0,0.124606464
2278,0,0.184304147
2279,0,0.196608586
2280,0,0.142183316
2281,0,0.126031033
2282,0,0.132869186
2283,0,0.338098556
2284,0,0.094518048
2285,0,0.15144153
2286,1,0.641469141
2287,0,0.333491878
2288,0,0.308073716
2289,0,0.161385109
2290,0,0.299434348
2291,1,0.501238755
2292,0,0.303375356
2293,0,0.173468894
2294,0,0.326298584
2295,0,0.191816319
2296,0,0.144277628
2297,0,0.144556367
2298,1,0.613273594
2299,0,0.420264234
2300,0,0.307168558
2301,0,0.215551039
2302,0,0.298271402
2303,0,0.108374775
2304,0,0.267459755
2305,0,0.268312809
2306,1,0.525809505
2307,0,0.309855155
2308,0,0.408469695
2309,1,0.901340569
2310,0,0.125630752
2311,0,0.130291606
2312,0,0.29945654
2313,0,0.401642903
2314,0,0.400613232
2315,0,0.17131289
2316,0,0.323208539
2317,0,0.298624018
2318,0,0.395512063
2319,0,0.159433791
2320,0,0.419896887
2321,0,0.370570378
2322,0,0.278499731
2323,0,0.43483422
2324,0,0.141283388
2325,0,0.170983217
2326,0,0.252166389
2327,0,0.353224786
2328,0,0.125374115
2329,0,0.484228308
2330,0,0.303842975
2331,0,0.18262886
2332,0,0.14120567
2333,0,0.123759607
2334,1,0.635363017
2335,0,0.157283938
2336,0,0.37085572
2337,0,0.479935211
2338,0,0.28048514
2339,0,0.386423135
2340,0,0.377414355
2341,0,0.285201286
2342,0,0.10979919
2343,0,0.306050649
2344,0,0.233970686
2345,0,0.256771367
2346,0,0.208980555
2347,0,0.21581301
2348,0,0.241042863
2349,1,0.505855163
2350,1,0.628522523
2351,0,0.315784358
2352,0,0.209783561
2353,0,0.410679144
2354,1,0.645795284
2355,0,0.117937432
